{"cameraMode":{"drawMode":0,"name":"Shaded","section":"Shading Mode"},"sceneLighting":true,"audioPlay":false,"sceneViewState":{"showFog":true,"showMaterialUpdate":false,"showSkybox":true,"showFlares":true,"showImageEffects":true,"showParticleSystems":true},"in2DMode":false,"pivot":{"x":0.0378471240401268,"y":0.2554473876953125,"z":6.306056022644043},"rotation":{"x":0.6778942942619324,"y":0.0022054940927773716,"z":-0.0020336236339062454,"w":0.7351542115211487},"size":77.94004821777344,"orthographic":false}