{"cameraMode":{"drawMode":0,"name":"Shaded","section":"Shading Mode"},"sceneLighting":true,"audioPlay":false,"sceneViewState":{"showFog":true,"showMaterialUpdate":false,"showSkybox":true,"showFlares":true,"showImageEffects":true,"showParticleSystems":true},"in2DMode":false,"pivot":{"x":-10.282054901123047,"y":-10.76821231842041,"z":-16.163522720336915},"rotation":{"x":-0.0897863581776619,"y":0.9101797342300415,"z":-0.2803598940372467,"w":-0.291435182094574},"size":31.30140495300293,"orthographic":false}