{"cameraMode":{"drawMode":0,"name":"Shaded","section":"Shading Mode"},"sceneLighting":true,"audioPlay":false,"sceneViewState":{"showFog":true,"showMaterialUpdate":false,"showSkybox":true,"showFlares":true,"showImageEffects":true,"showParticleSystems":true},"in2DMode":false,"pivot":{"x":1.2326107025146485,"y":-128.03125,"z":-4.1884765625},"rotation":{"x":-0.00023101616534404457,"y":0.7201629281044006,"z":-0.6938745975494385,"w":-0.00011699189781211317},"size":72.64485931396485,"orthographic":true}